{"errors":[],"warnings":[],"namedChunkGroups":{"app":{"chunks":[5,1],"assets":["webpack-runtime-88672aa2089b75a043ad.js","webpack-runtime-88672aa2089b75a043ad.js.map","app-e43839f3c91586d96b3b.js","app-e43839f3c91586d96b3b.js.map"],"children":{},"childAssets":{}},"component---node-modules-gatsby-plugin-offline-app-shell-js":{"chunks":[2],"assets":["component---node-modules-gatsby-plugin-offline-app-shell-js-65f0935dfdb71d143a64.js","component---node-modules-gatsby-plugin-offline-app-shell-js-65f0935dfdb71d143a64.js.map"],"children":{},"childAssets":{}},"component---src-pages-404-js":{"chunks":[0,3],"assets":["0.939007738c047b004eb7.css","0-1ac0344321311ac3163d.js","0-1ac0344321311ac3163d.js.map","component---src-pages-404-js-09e22f6e398786f96927.js","component---src-pages-404-js-09e22f6e398786f96927.js.map"],"children":{},"childAssets":{}},"component---src-pages-index-js":{"chunks":[6,0,4],"assets":["6-912778ee755e0543a901.js","6-912778ee755e0543a901.js.map","0.939007738c047b004eb7.css","0-1ac0344321311ac3163d.js","0-1ac0344321311ac3163d.js.map","component---src-pages-index-js-0d5e12578f0440dae631.js","component---src-pages-index-js-0d5e12578f0440dae631.js.map"],"children":{},"childAssets":{}}},"assetsByChunkName":{"app":["webpack-runtime-88672aa2089b75a043ad.js","app-e43839f3c91586d96b3b.js"],"component---node-modules-gatsby-plugin-offline-app-shell-js":["component---node-modules-gatsby-plugin-offline-app-shell-js-65f0935dfdb71d143a64.js"],"component---src-pages-404-js":["0.939007738c047b004eb7.css","0-1ac0344321311ac3163d.js","component---src-pages-404-js-09e22f6e398786f96927.js"],"component---src-pages-index-js":["6-912778ee755e0543a901.js","0.939007738c047b004eb7.css","0-1ac0344321311ac3163d.js","component---src-pages-index-js-0d5e12578f0440dae631.js"]}}